UUID,ARCHIVED,HIST_TIMESTAMP,HIST_USR,RELATION,STAMP
_7JkS2Nty-l2S0emLjV_kW0,false,2021-06-16 11:17:50.878,TechAdmin,VISIBLE,1
_-Phh-cdigrk_TICVqXRv8H,false,2021-06-16 11:17:50.878,TechAdmin,VISIBLE,1
_fLdHz86UEeujNIM3TF9ZaQ,false,2021-06-16 11:17:50.878,TechAdmin,CUSTOMER,1
_fLdH1c6UEeujNIM3TF9ZaQ,false,2021-06-16 11:17:50.878,TechAdmin,VISIBLE,1
_fLdH1M6UEeujNIM3TF9ZaQ,false,2021-06-16 11:17:50.878,TechAdmin,CUSTOMER,1
_fLdvLs6UEeujNIM3TF9ZaQ,false,2021-06-16 11:17:50.878,TechAdmin,VISIBLE,1
_fLdHyc6UEeujNIM3TF9ZaQ,false,2021-06-16 11:17:50.878,TechAdmin,CUSTOMER,1
_fLdHys6UEeujNIM3TF9ZaQ,false,2021-06-16 11:17:50.878,TechAdmin,VISIBLE,1
_fLdH0c6UEeujNIM3TF9ZaQ,false,2021-06-16 11:17:50.878,TechAdmin,VISIBLE,1
_fLdvLc6UEeujNIM3TF9ZaQ,false,2021-06-16 11:17:50.878,TechAdmin,CUSTOMER,1
_rr_H_Q_2oYFNapCL9RQiDC,false,2021-06-16 11:17:50.878,TechAdmin,CUSTOMER,1
_fLdH0M6UEeujNIM3TF9ZaQ,false,2021-06-16 11:17:50.878,TechAdmin,VISIBLE,1
_fLdHxs6UEeujNIM3TF9ZaQ,false,2021-06-16 11:17:50.878,TechAdmin,VISIBLE,1
_ITufRSYr0yOOnpnzJwMcdq,false,2021-06-16 11:17:50.878,TechAdmin,CUSTOMER,1
_fLdHw86UEeujNIM3TF9ZaQ,false,2021-06-16 11:17:50.878,TechAdmin,VISIBLE,1
_fLdHws6UEeujNIM3TF9ZaQ,false,2021-06-16 11:17:50.878,TechAdmin,CUSTOMER,1
